HONEYCOMB DAILY TRACKING,,,,,
Date,Source (email/text/ParentSquare),Did Honeycomb catch it?,Summary accurate?,Calendar event created?,What was missing?
,,,,,
,,,,,
,,,,,
,,,,,
,,,,,
,,,,,
,,,,,
,,,,,
,,,,,
,,,,,
,,,,,
,,,,,
,,,,,
,,,,,

EVALUATION SCORECARD,,,,,
Your Need,Score (1-5),Notes,,,
Summarized messages,,,,,
Auto-extract events to calendar,,,,,
Unified inbox (email + text + app),,,,,
Reminders for upcoming events,,,,,
Works for multiple kids/schools,,,,,
Overall: Solves my problem?,,,,,

WEEKLY REFLECTIONS,,,,,
Week,Question,Answer,,,
1,Did I still miss any important dates/events?,,,,
1,How much time in Honeycomb vs other apps?,,,,
1,What did I still have to manually track?,,,,
2,Am I actually using it daily?,,,,
2,What's frustrating about the experience?,,,,
2,What's surprisingly good?,,,,
3,Would I pay for this? How much?,,,,
3,What's still broken/missing?,,,,
3,Am I less stressed about school comms?,,,,

PARENT INTERVIEWS,,,,,
Name/Pseudonym,Date,# of Kids,Pain Level (1-5),Would Pay? (Y/N/Maybe),Price They'd Pay
,,,,,
,,,,,
,,,,,
,,,,,
,,,,,
,,,,,
,,,,,
,,,,,
,,,,,
,,,,,

INTERVIEW DETAILS,,,,,
Name,Key Quote,Current Solutions,What's Broken,Magic Wand Answer,Notes
,,,,,
,,,,,
,,,,,
,,,,,
,,,,,
,,,,,
,,,,,
,,,,,
,,,,,
,,,,,

GO/NO-GO CHECKLIST,,,,,
Criteria,Met? (Y/N),Evidence,,,
5+ parents described as real pain point,,,,,
3+ parents said they would pay,,,,,
Honeycomb doesn't fully solve the problem,,,,,
Clear gap in current solutions identified,,,,,
Still excited about this problem,,,,,
